{"accuracy": [0.5779216289520264, 0.8540436625480652], "loss": [1.4320515394210815, 0.4609745442867279], "val_accuracy": [0.8244935274124146, 0.9161734580993652], "val_loss": [0.5367900729179382, 0.25680893659591675]}